{
	"se_divedamage_ah": "Diving Rate Damage",
	"se_limitdivespeed_ah": "Diving Rate",
	"se_diveduration_ah": "Dive Duration",
	"se_surfaceduration_ah": "Surface Duration",

	"se_dropchance_ah": "Rare Item Drop Chance",
	"se_gatherbuff_ah": "Gathering Buff: ",
	"se_rareitem_ah": "Found: ",
	"se_pickableeffect_ah": "Buff",

	"effect_curemajorwounds_ah": "Cure Major Wounds",
	"effect_curewounds_ah": "Cure Wounds",
	"effect_cureminorwounds_ah": "Cure Minor Wounds",
	"effect_cleanse_ah": "Cleanse",
	"effect_purify_ah": "Purify",
	"effect_dispelspell_ah": "Dispel",
	"effect_bless_ah": "Bless",
	"effect_smite_ah": "Smite",
	"effect_fanknives_ah": "Fan of Knives",
	"effect_roguedance_ah": "Shadow Dance",

	"effect_staminarecovery_ah": "Stamina Recovery",
	"effect_staminarecovery_tooltip_ah": "Effects",
	"effect_eitrrecovery_ah": "Eitr Recovery",
	"effect_eitrrecovery_tooltip_ah": "Effects",
	"effect_judgement_ah": "Judgement",
	"effect_judgement_tooltip_ah": "Effects",
	"effect_vengance_ah": "Vengance",
	"effect_vengance_tooltip_ah": "Effects",

	"plant_bloodsaffron_ah": "Blood Saffron",
	"plant_dracflorus_ah": "Dracflorus",
	"plant_purplestrand_ah": "Purple Strand",
	"plant_nighthood_ah": "Night Hood",

	"plant_deathsrye_ah": "Death's Rye",
	"plant_poisonflower_ah": "Poisonflower",
	"plant_shadowlavender_ah": "Shadow Lavender",
	"plant_volcanocolve_ah": "Volcano Clove",
	"plant_sneezingbower_ah": "Sneezing Bower",

	"item_flower_desc_ah": "Know any good Botanists? No? Well, your a Viking, you will figure it out!",
	"item_flowerhostile_desc_ah": "Know any good Botanists? No? Well, down the hatch, one for the team!",
	"item_flowerhostile_repeate_ah": "Deadly Dose",

	"item_bark_blisterbirch_ah": "Blister Birch Bark",
	"item_bark_chillingacacia_ah": "Chilling Acacia Bark",
	"item_bark_hollowbeech_ah": "Hollow Beech Bark",
	"item_bark_swampaspen_ah": "Swamp Aspen Bark",
	"item_bark_tangledelm_ah": "Tangled Elm Bark",
	"item_bark_desc_ah": "What a strange looking piece of bark, wonder what it is?",

	"item_potion_bless_ah": "Bless",
	"item_potion_bless_desc_ah": "Removes certain afflictions",
	"item_potion_dispel_ah": "Dispel",
	"item_potion_dispel_desc_ah": "Removes certain afflictions",
	"item_potion_purify_ah": "Purify",
	"item_potion_purify_desc_ah": "Removes certain afflictions",
	"item_potion_cleanse_ah": "Cleanse",
	"item_potion_cleanse_desc_ah": "Removes certain afflictions",

	"item_potion_cureminorwounds_ah": "Cure Minor Wounds",
	"item_potion_cureminorwounds_desc_ah": "Removes certain afflictions",
	"item_potion_curewounds_ah": "Cure Wounds",
	"item_potion_curewounds_desc_ah": "Removes certain afflictions",
	"item_potion_curemajorwounds_ah": "Cure Major Wounds",
	"item_potion_curemajorwounds_desc_ah": "Removes certain afflictions",

	"item_staff_cheat_ah": "Cheat Staff",
	"item_staff_cheat_desc_ah": "Lazer's!!!",

	"item_staff_druid_ah": "Staff of Nature",
	"item_staff_druid_desc_ah": "Looks to be of asgardian origin.",

	"item_cape_rogue_ah": "Shadow Cape",
	"item_cape_rogue_desc_ah": "This once belonged to Loki, before he went green...",
	"item_belt_rogue_ah": "Shadow Belt",
	"item_belt_rogue_desc_ah": "This once belonged to Loki, before he went green...",
	"item_knife_rogue_ah": "Darkness",
	"item_knife_rogue_desc_ah": "This once belonged to Loki, before he went green...",
	"item_helmet_rogue_ah": "Shadow Hood",
	"item_helmet_rogue_desc_ah": "This once belonged to Loki, before he went green...",
	"item_chest_rogue_ah": "Shadow Armor",
	"item_chest_rogue_desc_ah": "This once belonged to Loki, before he went green...",
	"item_legs_rogue_ah": "Shadow Leggings",
	"item_legs_rogue_desc_ah": "This once belonged to Loki, before he went green...",

	"item_ring_wizard_ah": "Arcane Ring",
	"item_ring_wizard_desc_ah": "Some Dark Elf once owned this.",
	"item_staff_wizard_ah": "Arcane Staff",
	"item_staff_wizard_desc_ah": "Some Dark Elf once owned this.",
	"item_cape_wizard_ah": "Arcane Cape",
	"item_cape_wizard_desc_ah": "Some Dark Elf once owned this.",
	"item_helmet_wizard_ah": "Arcane Hood",
	"item_helmet_wizard_desc_ah": "Some Dark Elf once owned this.",
	"item_chest_wizard_ah": "Arcane Armor",
	"item_chest_wizard_desc_ah": "Some Dark Elf once owned this.",
	"item_legs_wizard_ah": "Arcane Leggings",
	"item_legs_wizard_desc_ah": "Some Dark Elf once owned this.",
						
	"item_sword_paladin_ah": "Oathsunder",
	"item_sword_paladin_desc_ah": "Looks to be of asgardian origin.",
	"item_belt_paladin_ah": "Divine Belt",
	"item_belt_paladin_desc_ah": "Looks to be of asgardian origin.",
	"item_cape_paladin_ah": "Divine Cape",
	"item_cape_paladin_desc_ah": "Looks to be of asgardian origin.",
	"item_helmet_paladin_ah": "Divine Helmet",
	"item_helmet_paladin_desc_ah": "Looks to be of asgardian origin.",
	"item_chest_paladin_ah": "Divine Armor",
	"item_chest_paladin_desc_ah": "Looks to be of asgardian origin.",
	"item_legs_paladin_ah": "Divine Leggings",
	"item_legs_paladin_desc_ah": "Looks to be of asgardian origin.",
						
	"item_cape_warrior_ah": "Defender's Cape",
	"item_cape_warrior_desc_ah": "Looks to be of asgardian origin.",
	"item_helmet_warrior_ah": "Defender's Helmet",
	"item_helmet_warrior_desc_ah": "Looks to be of asgardian origin.",
	"item_chest_warrior_ah": "Defender's Armor",
	"item_chest_warrior_desc_ah": "Looks to be of asgardian origin.",
	"item_legs_warrior_ah": "Defender's Greaves",
	"item_legs_warrior_desc_ah": "Looks to be of asgardian origin.",
	"item_shield_warrior_ah": "Protector",
	"item_shield_warrior_desc_ah": "Looks to be of asgardian origin.",
	"item_hammer_warrior_ah": "Restitution",
	"item_hammer_warrior_desc_ah": "Looks to be of asgardian origin.",
						
	"item_ring_barbarian_ah": "Primal Ring",
	"item_ring_barbarian_desc_ah": "Looks to be of asgardian origin.",
	"item_battleaxe_barbarian_ah": "Primal Axe",
	"item_battleaxe_barbarian_desc_ah": "Looks to be of asgardian origin.",
	"item_cape_barbarian_ah": "Primal Cape",
	"item_cape_barbarian_desc_ah": "Looks to be of asgardian origin.",
	"item_helmet_barbarian_ah": "Primal Helmet",
	"item_helmet_barbarian_desc_ah": "Looks to be of asgardian origin.",
	"item_chest_barbarian_ah": "Primal Armor",
	"item_chest_barbarian_desc_ah": "Looks to be of asgardian origin.",
	"item_legs_barbarian_ah": "Primal Leggings",
	"item_legs_barbarian_desc_ah": "Looks to be of asgardian origin.",
						
	"item_ring_ranger_ah": "Feral Ring",
	"item_ring_ranger_desc_ah": "Looks to be of asgardian origin.",
	"item_bow_ranger_ah": "Feral Bow",
	"item_bow_ranger_desc_ah": "Looks to be of asgardian origin.",
	"item_cape_ranger_ah": "Feral Cape",
	"item_cape_ranger_desc_ah": "Looks to be of asgardian origin.",
	"item_helmet_ranger_ah": "Feral Helmet",
	"item_helmet_ranger_desc_ah": "Looks to be of asgardian origin.",
	"item_chest_ranger_ah": "Feral Armor",
	"item_chest_ranger_desc_ah": "Looks to be of asgardian origin.",
	"item_legs_ranger_ah": "Feral Leggings",
	"item_legs_ranger_desc_ah": "Looks to be of asgardian origin.",
						
	"item_cape_cleric_ah": "Holy Cape",
	"item_cape_cleric_desc_ah": "Looks to be of asgardian origin.",
	"item_helmet_cleric_ah": "Holy Helmet",
	"item_helmet_cleric_desc_ah": "Looks to be of asgardian origin.",
	"item_chest_cleric_ah": "Holy Armor",
	"item_chest_cleric_desc_ah": "Looks to be of asgardian origin.",
	"item_legs_cleric_ah": "Holy Leggings",
	"item_legs_cleric_desc_ah": "Looks to be of asgardian origin.",
	"item_shield_cleric_ah": "Dawn",
	"item_shield_cleric_desc_ah": "Looks to be of asgardian origin.",
	"item_hammer_cleric_ah": "Indemnity",
	"item_hammer_cleric_desc_ah": "Looks to be of asgardian origin.",
	"item_ring_cleric_ah": "Divine Ring",
	"item_ring_cleric_desc_ah": "Looks to be of asgardian origin.",
	"item_staff_cleric_ah": "Divine Staff",
	"item_staff_cleric_desc_ah": "Looks to be of asgardian origin.",

	"effect_effectsbonus_ah": "Bonus Effects",
	"effect_effects_ah": " <color=#8dccff>Effects:</color>",
	"effect_remove_ah": "An effect has been removed",
	"effect_nodispel_ah": "Nothing to remove",
	"effect_dispel_ah": "Can Dispel each of these affliction's",
	"se_ondamaged_ah": "On Damaged",
	"se_ondamagedeffect_ah": "Hostile Effect",
	"se_ondamagedeffectbuff_ah": "Beneficial Effect",
	"se_ondamagemodifier_ah": "Damage Reduction",
	"se_regenovertime_ah": "Recovery Interval",
	"se_bonuseffect_ah": "Gods Favour",
	"se_bonuseffectchance_ah": "Chance",
	"se_raiseskill_ah": "Raise Skill",
	"se_secondaryTooltip_ah": "Secondary Ability",
	"se_fortitude_ah": "Fortitude",
	"se_totaldamage_ah": "Damage Total",
	"se_healthbonus_ah": "Health Bonus",
	"se_staminabonus_ah": "Stamina Bonus",
	"se_eitrbonus_ah": "Eitr Bonus",
	"se_leechpercent_ah": "Life Steal",
	"se_leechamount_ah": "Life Steal",
	"se_cooldown_ah": "Cooldown",
	"se_hitchance_ah": "Hit Chance",
	"se_tickinterval_ah": "Tick Interval",
	"se_removeinterval_ah": "Remove Interval",
	"se_usages_ah": "Chances",
	"se_missfire_ah": "Backfire",
	"se_duration_ah": "Duration",
	"se_health_ah": "Health",
	"se_healthrecovery_ah": "Health Recovery",
	"se_healthperlevel_ah": "Health per Level",
	"se_healthperskilllevel_ah": "Health per Skill Level",
	"se_stamina_ah": "Stamina Recovery",
	"se_eitr_ah": "Eitr Recovery",
	"se_healthregen_ah": "Natural Health Regen",
	"se_staminaregen_ah": "Natural Stamina Regen",
	"se_eitrregen_ah": "Natural Eitr Regen",
	"se_characterlevel_ah": "Level",
	"se_characterskilllevel_ah": "Skill Level",
	"se_skillmodifier_ah": "Skill Modifier",
	"se_damage_ah": "Damage",
	"se_damageperlevel_ah": "Damage per Level",
	"se_damages_ah": "Damages",
	"se_damagemodifier_ah": "Damage per Skill Level",
	"se_jumpmodifier_ah": "Jump Modifier",
	"se_jumpmodifierfb_ah": "Forward and Backward",
	"se_jumpmodifierlr_ah": "Left and Right",
	"se_jumpmodifierud_ah": "Up and Down",

	"se_bluntperlevel_ah": "Blunt per level",
	"se_pierceperlevel_ah": "Pierce per level",
	"se_slashperlevel_ah": "Slash per level",
	"se_fireperlevel_ah": "Fire per level",
	"se_frostperlevel_ah": "Frost per level",
	"se_lightningperlevel_ah": "Lightning per level",
	"se_poisonperlevel_ah": "Poison per level",
	"se_spiritperlevel_ah": "Spirit per level",

	"effect_barbarianprimal_ah": "Primal Path",
	"effect_barbarianferal_ah": "Primal Instinct",
	"effect_barbarianrelent_ah": "Relentless Rage",
	"effect_barbarianperist_ah": "Persistent Rage",
	"effect_barbarianindom_ah": "Indomitable Might",
	"effect_barbarianchamp_ah": "\nPrimal Champion",
	"effect_setbarbarianbuff_ah": "Primal Rage",
	"effect_setbarbarianweapon_ah": "\nPrimal Fury",
	"effect_barbarianjudge_ah": "Primal Judgement",

	"effect_clericblessed_ah": "Blessed Healer",
	"effect_clericdisiple_ah": "Disciple of Life",
	"effect_clericpreserve_ah": "Preserve Life",
	"effect_clericradiance_ah": "Radiance",
	"effect_clericspiritual_ah": "Spiritual Weapon",
	"effect_clericdivinity_ah": "\nDivinity",
	"effect_setclericbuff_ah": "Recovery",
	"effect_setclericweapon_ah": "\nDivine Fury",
	"effect_clerichammer_ah": "Enlightenment",

	"effect_paladinoath_ah": "Sacred Oath",
	"effect_paladindivine_ah": "Divine Health",
	"effect_paladindevotion_ah": "Oath of Devotion",
	"effect_paladinpurity_ah": "Purity of Spirit",
	"effect_paladinsacred_ah": "Sacred Weapon",
	"effect_paladinnimbus_ah": "\nHoly Nimbus",
	"effect_setpaladinbuff_ah": "Judgement",
	"effect_paladinjustice_ah": "Justice",
	"effect_paladinblessing_ah": "Divine Blessing",

	"effect_rangerprimeval_ah": "Primeval Awareness",
	"effect_rangerstride_ah": "Land’s Stride",
	"effect_rangerferal_ah": "Feral Senses",
	"effect_rangerslayer_ah": "Foe Slayer",
	"effect_rangerwild_ah": "Wild Cunning",
	"effect_rangerwrath_ah": "\nWrath Of Nature",
	"effect_setrangerbuff_ah": "Feral Rage",
	"effect_primevalrage_ah": "\nPrimeval Rage",
	"effect_rangerinstinct_ah": "Wild Instinct",

	"effect_roguereliable_ah": "Reliable Talent",
	"effect_roguereflexes_ah": "Thief’s Reflexes",
	"effect_roguesneak_ah": "Supreme Sneak",
	"effect_rogueexpertise_ah": "Expertise",
	"effect_rogueelusive_ah": "Elusive",
	"effect_rogueluck_ah": "\nStroke of Luck",
	"effect_setroguebuff_ah": "Escapist",

	"effect_warriorsurvivor_ah": "Survivor",
	"effect_warriorindomitable_ah": "Indomitable",
	"effect_warriorsecond_ah": "Second Wind",
	"effect_warriorathlete_ah": "Remarkable Athlete",
	"effect_warriorinent_ah": "Vicious Intent",
	"effect_warriorresiliant_ah": "\nResilient",
	"effect_setwarriorbuff_ah": "Intervention",
	"effect_setwarriorweapon_ah": "\nWrath",
	"effect_warriorhammer_ah": "Onslaught",

	"effect_wizardritual_ah": "Ritual Casting",
	"effect_wizardpotent_ah": "Potent Cantrip",
	"effect_wizardfocus_ah": "Spellcasting Focus",
	"effect_wizardrecover_ah": "Arcane Recovery",
	"effect_wizardbattle_ah": "Wizard's Onslaught",
	"effect_wizardfury_ah": "Arcane Fury",
	"effect_wizardtradition_ah": "Arcane Tradition",
	"effect_wizardmastery_ah": "\nSpell Mastery",
	"effect_setwizardbuff_ah": "Wizard's Fury",
	"effect_setwizardweapon_ah": "\nBattlemage",

	"item_potionred_1_ah": "Healing Potion I",
	"item_potionred_2_ah": "Healing Potion II",
	"item_potionred_3_ah": "Healing Potion III",
	"item_elixirred_1_ah": "Healing Elixir I",
	"item_elixirred_2_ah": "Healing Elixir II",
	"item_elixirred_3_ah": "Healing Elixir III",
	"item_flaskred_1_ah": "Healing Flask I",
	"item_flaskred_2_ah": "Healing Flask II",
	"item_flaskred_3_ah": "Healing Flask III",
	"item_potionred_desc_ah": "Restores health based on the character's level and Blood Magic skill.",

	"effect_minorburns_ah": "Singed",
	"effect_juniorburns_ah": "Scalded",
	"effect_burns_ah": "Blistered",
	"effect_majorburns_ah": "Charred",
	"effect_seniorburns_ah": "Scorched",
	"effect_criticalburns_ah": "Burnt",
	"effect_deadlyburns_ah": "Seared",

	"effect_minorfrostbite_ah": "Chilblains",
	"effect_juniorfrostbite_ah": "Chilled",
	"effect_frostbite_ah": "Frostbitten",
	"effect_majorfrostbite_ah": "Iced",
	"effect_seniorfrostbite_ah": "Frozen",
	"effect_criticalfrostbite_ah": "Frostbite",
	"effect_deadlyfrostbite_ah": "Glacial",

	"effect_deathcoil_ah": "Death Coil",
	"effect_deathcoil_tooltip_ah": "Returns <color=orange>51%</color> of damage dealt back to the attacker as health.",
	"effect_deathsiphon_ah": "Death Siphon",
	"effect_deathsiphon_tooltip_ah": "Returns <color=orange>48%</color> of damage dealt back to the attacker as health.",
	"effect_leechlife_ah": "Leech Life",
	"effect_leechlife_tooltip_ah": "Returns <color=orange>33%</color> of damage dealt back to the attacker as health.",
	"effect_lifedrain_ah": "Life Drain",
	"effect_lifedrain_tooltip_ah": "Returns <color=orange>39%</color> of damage dealt back to the attacker as health.",
	"effect_siphonlife_ah": "Siphon Life",
	"effect_siphonlife_tooltip_ah": "Returns <color=orange>42%</color> of damage dealt back to the attacker as health.",
	"effect_vampirictouch_ah": "Vampiric Touch",
	"effect_vampirictouch_tooltip_ah": "Returns <color=orange>36%</color> of damage dealt back to the attacker as health.",
	"effect_vampiricembrace_ah": "Vampiric Embrace",
	"effect_vampiricembrace_tooltip_ah": "Returns <color=orange>45%</color> of damage dealt back to the attacker as health.",

	"effect_infections_tooltip_ah": "You are suffering from an infection",
	"effect_weak_ah": "Weakend",
	"effect_poison_ah": "Poisoned",
	"effect_venom_ah": "Venom",
	"effect_infection_ah": "Infected",
	"effect_disease_ah": "Diseased",
	"effect_scourge_ah": "Scourge",
	"effect_contagion_ah": "Contagion",
	"effect_pestilence_ah": "Pestilence",
	"effect_bane_ah": "Bane",
	"effect_blight_ah": "Blight",
	"effect_corruption_ah": "Corruption",
	"effect_corrosion_ah": "Corrosion",

	"effect_bleeds_tooltip_ah": "You are taking periodic damage due to an injury",
	"effect_rend_ah": "Sliced",
	"effect_gore_ah": "Gored",
	"effect_maul_ah": "Mauled",
	"effect_lacerate_ah": "Laceration",
	"effect_shred_ah": "Shreded",
	"effect_mangle_ah": "Mangled",
	"effect_rupture_ah": "Ruptured",
	"effect_hemorrage_ah": "Hemorrage",
	"effect_maim_ah": "Maimed",
	"effect_sunder_ah": "Sundered"
}